class_id,name,precision,recall,f1,support
0,Speed limit 20,0.9667,0.9355,0.9508,31
1,Speed limit 30,0.9649,0.9910,0.9778,333
2,Speed limit 50,0.9939,0.9645,0.9790,338
3,Speed limit 60,0.9857,0.9764,0.9810,212
4,Speed limit 70,0.9932,0.9798,0.9864,297
5,Speed limit 80,0.9552,0.9754,0.9652,284
6,End of speed limit 80,0.9851,0.9851,0.9851,67
7,Speed limit 100,0.9721,0.9858,0.9789,212
8,Speed limit 120,0.9904,0.9764,0.9834,212
9,No passing,0.9822,1.0000,0.9910,221
10,No passing (>3.5t),1.0000,0.9967,0.9983,302
11,Right-of-way at next junction,1.0000,0.9697,0.9846,198
12,Priority road,1.0000,0.9968,0.9984,315
13,Yield,0.9938,0.9969,0.9954,324
14,Stop,1.0000,1.0000,1.0000,122
15,No vehicles,1.0000,1.0000,1.0000,95
16,Vehicles >3.5t prohibited,1.0000,0.9701,0.9848,67
17,No entry,1.0000,1.0000,1.0000,167
18,General caution,0.9832,0.9778,0.9805,180
19,Dangerous curve left,0.9677,0.9677,0.9677,31
20,Dangerous curve right,1.0000,1.0000,1.0000,49
21,Double curve,0.9608,1.0000,0.9800,49
22,Bumpy road,1.0000,0.9828,0.9913,58
23,Slippery road,1.0000,0.9481,0.9733,77
24,Road narrows (right),1.0000,0.9750,0.9873,40
25,Road work,0.9823,0.9867,0.9845,225
26,Traffic signals,0.9574,1.0000,0.9783,90
27,Pedestrians,0.9730,1.0000,0.9863,36
28,Children crossing,0.9259,0.9740,0.9494,77
29,Bicycles crossing,1.0000,0.9500,0.9744,40
30,Ice/snow,0.9565,0.9851,0.9706,67
31,Wild animals crossing,0.9683,1.0000,0.9839,122
32,End of all limits,1.0000,0.9722,0.9859,36
33,Turn right ahead,0.9905,1.0000,0.9952,104
34,Turn left ahead,1.0000,1.0000,1.0000,63
35,Ahead only,1.0000,1.0000,1.0000,180
36,Go straight or right,0.9831,1.0000,0.9915,58
37,Go straight or left,1.0000,1.0000,1.0000,31
38,Keep right,0.9968,0.9936,0.9952,311
39,Keep left,1.0000,0.9778,0.9888,45
40,Roundabout mandatory,1.0000,0.9796,0.9897,49
41,End of no passing,1.0000,1.0000,1.0000,36
42,End of no passing (>3.5t),0.9750,0.9750,0.9750,40
